"Source Row","Item","Job Number","Job Name","Field","Current","Proposed","Resolution","Candidate System IDs"
3,"157","105005","14 Vander LLC","legionellaResponsibility","","OTHER_PARTY","NEEDS_PARTY_CLASSIFICATION",""
4,"7","101106","175 GN Reality LLC","legionellaResponsibility","","OTHER_PARTY","NEEDS_PARTY_CLASSIFICATION",""
5,"163","179101","175 Jericho Associates","legionellaResponsibility","","OUR_COMPANY","NEEDS_REVIEW",""
6,"162","001983","21 Club","legionellaResponsibility","","OUR_COMPANY","NEEDS_REVIEW",""
7,"160","002726","310 Property Management","legionellaResponsibility","","OUR_COMPANY","NEEDS_REVIEW",""
8,"159","001450","461 W 14th St Property Owners","legionellaResponsibility","","OUR_COMPANY","NEEDS_REVIEW",""
9,"158","002286","515 Park Avenue Condominium","legionellaResponsibility","","OUR_COMPANY","NEEDS_REVIEW",""
10,"","002197","525 East 80th Street Condos","identity","","","UNMATCHED",""
11,"150","123400","Abacus Gallery","legionellaResponsibility","","OUR_COMPANY","NEEDS_REVIEW",""
12,"149","001340","Abacus Real Estate Holding Corp","legionellaResponsibility","","OUR_COMPANY","NEEDS_REVIEW",""
13,"148","001809","Adler Holdings II, LLC","legionellaResponsibility","","OUR_COMPANY","NEEDS_REVIEW",""
14,"","155102","Alphamore LC","legionellaResponsibility","","NEEDS_REVIEW","NEEDS_REVIEW",""
15,"","155102","Alphamore LC","legionellaResponsibility","","NEEDS_REVIEW","NEEDS_REVIEW",""
16,"146","001991","Alvin Ailey","legionellaResponsibility","","OUR_COMPANY","NEEDS_REVIEW",""
17,"145","143000","American Airlines Credit Union","legionellaResponsibility","","OUR_COMPANY","NEEDS_REVIEW",""
18,"22","000620","Andrews Building","legionellaResponsibility","","OTHER_PARTY","NEEDS_PARTY_CLASSIFICATION",""
19,"23","001415","Andrews Building","legionellaResponsibility","","OTHER_PARTY","NEEDS_PARTY_CLASSIFICATION",""
20,"143","002435","Bard Graduate Center","legionellaResponsibility","","OUR_COMPANY","NEEDS_REVIEW",""
21,"140","001977","Bard Hall","identity","","","AMBIGUOUS","cms5euq2k00nup307lclpcd1s; cms5euq3300pqp307bm0wt1ev"
22,"142","001977","Bard Hall","identity","","","AMBIGUOUS","cms5euq2k00nup307lclpcd1s; cms5euq3300pqp307bm0wt1ev"
23,"137","122013","Brooklyn Army Terminal","legionellaResponsibility","","OUR_COMPANY","NEEDS_REVIEW",""
24,"","123807","Brooklyn Public Library","identity","","","UNMATCHED",""
25,"133","000218","Building","legionellaResponsibility","","OUR_COMPANY","NEEDS_REVIEW",""
26,"134","045900","Building","legionellaResponsibility","","NEEDS_REVIEW","NEEDS_REVIEW",""
27,"136","001253","Building","legionellaResponsibility","","OUR_COMPANY","NEEDS_REVIEW",""
28,"132","001055","Building (Douglas Elliman)","legionellaResponsibility","","OUR_COMPANY","NEEDS_REVIEW",""
29,"130","001036","Building (Republic Investment Co.)","legionellaResponsibility","","OUR_COMPANY","NEEDS_REVIEW",""
30,"129","045200","Building Condo","legionellaResponsibility","","OTHER_PARTY","NEEDS_PARTY_CLASSIFICATION",""
31,"128","002800","Butterfield Market","legionellaResponsibility","","OUR_COMPANY","NEEDS_REVIEW",""
32,"127","002285","Central Synagogue (HENICK LANE)","legionellaResponsibility","","OUR_COMPANY","NEEDS_REVIEW",""
33,"124","000614","Club Quarters Hotel","legionellaResponsibility","","OUR_COMPANY","NEEDS_REVIEW",""
34,"125","000614","Club Quarters Hotel","legionellaResponsibility","","OUR_COMPANY","NEEDS_REVIEW",""
35,"123","000137","CNA CORNERSTONE","legionellaResponsibility","","OUR_COMPANY","NEEDS_REVIEW",""
36,"121","065001","Columbia Doctors Medical Group","legionellaResponsibility","","OTHER_PARTY","NEEDS_PARTY_CLASSIFICATION",""
37,"122","065001","Columbia Doctors Medical Group","legionellaResponsibility","","OTHER_PARTY","NEEDS_PARTY_CLASSIFICATION",""
38,"120","002173","Consulate General/The Czech Republic","legionellaResponsibility","","OUR_COMPANY","NEEDS_REVIEW",""
39,"119","001692","Dom Ben Realty","legionellaResponsibility","","NEEDS_REVIEW","NEEDS_REVIEW",""
40,"118","002809","Douglas Elliman","legionellaResponsibility","","OUR_COMPANY","NEEDS_REVIEW",""
41,"117","740701","Dr. Praeger's Sensible Foods","legionellaResponsibility","","OTHER_PARTY","NEEDS_PARTY_CLASSIFICATION",""
42,"167","001100","DXL","legionellaResponsibility","","NEEDS_REVIEW","NEEDS_REVIEW",""
43,"115","003804","EDC.org","legionellaResponsibility","","NEEDS_REVIEW","NEEDS_REVIEW",""
44,"116","003802","EDC.org","legionellaResponsibility","","NEEDS_REVIEW","NEEDS_REVIEW",""
45,"112","001700","Episcopal Church Center","legionellaResponsibility","","OUR_COMPANY","NEEDS_REVIEW",""
46,"111","110605","Excavators Laborers Union","legionellaResponsibility","","OUR_COMPANY","NEEDS_REVIEW",""
47,"","002844","Fifth Avenue Surgery Center","legionellaResponsibility","","NEEDS_REVIEW","NEEDS_REVIEW",""
48,"107","001411","Film Forum","legionellaResponsibility","","OUR_COMPANY","NEEDS_REVIEW",""
49,"106","045407","FLACS II","legionellaResponsibility","","OUR_COMPANY","NEEDS_REVIEW",""
50,"","135900","Fort Totten","legionellaResponsibility","","NEEDS_REVIEW","NEEDS_REVIEW",""
51,"49","120137","Fulton Ferry Landmark Condos","legionellaResponsibility","","OTHER_PARTY","NEEDS_PARTY_CLASSIFICATION",""
52,"97","001866","G & S Realty 1, LLC","legionellaResponsibility","","OUR_COMPANY","NEEDS_REVIEW",""
53,"98","001866","G & S Realty 1, LLC","legionellaResponsibility","","OUR_COMPANY","NEEDS_REVIEW",""
54,"52","749501","Garden Commercial Properties","legionellaResponsibility","","OTHER_PARTY","NEEDS_PARTY_CLASSIFICATION",""
55,"","002855","Gymtime","legionellaResponsibility","OUR_COMPANY","NEEDS_REVIEW","NEEDS_REVIEW",""
56,"89","000331","GFP Real Estate LLC","legionellaResponsibility","","OUR_COMPANY","NEEDS_REVIEW",""
57,"90","001174","GFP Real Estate LLC","legionellaResponsibility","","OUR_COMPANY","NEEDS_REVIEW",""
58,"91","002249","GFP Real Estate LLC","legionellaResponsibility","","OUR_COMPANY","NEEDS_REVIEW",""
59,"92","002249","GFP Real Estate LLC","legionellaResponsibility","","OUR_COMPANY","NEEDS_REVIEW",""
60,"96","002249","GFP Real Estate LLC","legionellaResponsibility","","NEEDS_REVIEW","NEEDS_REVIEW",""
61,"88","003621","GFP Real Estate LLC","legionellaResponsibility","","OUR_COMPANY","NEEDS_REVIEW",""
62,"87","123202","Green-Wood Cemetery","legionellaResponsibility","","OUR_COMPANY","NEEDS_REVIEW",""
63,"61","002290","Gustavino's (CS#261848)","legionellaResponsibility","","OTHER_PARTY","NEEDS_PARTY_CLASSIFICATION",""
64,"62","710201","Hallmark House","legionellaResponsibility","","OTHER_PARTY","NEEDS_PARTY_CLASSIFICATION",""
65,"63","708600","Harbor 1500","legionellaResponsibility","","OTHER_PARTY","NEEDS_PARTY_CLASSIFICATION",""
66,"86","002174","Harkness House-CommonWealth Fund","legionellaResponsibility","","OUR_COMPANY","NEEDS_REVIEW",""
67,"85","105004","Helen Keller National Center","legionellaResponsibility","","OUR_COMPANY","NEEDS_REVIEW",""
68,"84","001098","Highline 519","legionellaResponsibility","","OUR_COMPANY","NEEDS_REVIEW",""
69,"166","006502","Home Depot","legionellaResponsibility","","NEEDS_REVIEW","NEEDS_REVIEW",""
70,"67","702001","Hudson Harbor Condominium","legionellaResponsibility","","OTHER_PARTY","NEEDS_PARTY_CLASSIFICATION",""
71,"68","001890","Iconix","legionellaResponsibility","","OTHER_PARTY","NEEDS_PARTY_CLASSIFICATION",""
72,"83","001999","Intl MS MGMT Practice & TISCH MS","legionellaResponsibility","","OUR_COMPANY","NEEDS_REVIEW",""
73,"82","110150","IPG LIC 49th Ave NYCHA","legionellaResponsibility","","OUR_COMPANY","NEEDS_REVIEW",""
74,"81","110151","IPG LIC 49th Ave Upper Flr Units","legionellaResponsibility","","OUR_COMPANY","NEEDS_REVIEW",""
75,"71","000355","J. Crew (CS#274552)","legionellaResponsibility","","OTHER_PARTY","NEEDS_PARTY_CLASSIFICATION",""
76,"80","002275","James Robinson Art","legionellaResponsibility","","OUR_COMPANY","NEEDS_REVIEW",""
77,"79","001898","Keen Steak House Lower","legionellaResponsibility","","OUR_COMPANY","NEEDS_REVIEW",""
78,"78","001898","Keen Steak House Upper","legionellaResponsibility","","OUR_COMPANY","NEEDS_REVIEW",""
79,"65","003616","Longacre Square MGMT","legionellaResponsibility","","OUR_COMPANY","NEEDS_REVIEW",""
80,"66","003616","Longacre Square MGMT","legionellaResponsibility","","OUR_COMPANY","NEEDS_REVIEW",""
81,"69","003616","Longacre Square MGMT","legionellaResponsibility","","OUR_COMPANY","NEEDS_REVIEW",""
82,"70","003616","Longacre Square MGMT","legionellaResponsibility","","OUR_COMPANY","NEEDS_REVIEW",""
83,"72","003616","Longacre Square MGMT","legionellaResponsibility","","NEEDS_REVIEW","NEEDS_REVIEW",""
84,"73","003616","Longacre Square MGMT","legionellaResponsibility","","NEEDS_REVIEW","NEEDS_REVIEW",""
85,"64","001893","Luxottica","legionellaResponsibility","","OUR_COMPANY","NEEDS_REVIEW",""
86,"56","006509","MacAndrews & Forbes","legionellaResponsibility","","OUR_COMPANY","NEEDS_REVIEW",""
87,"57","006507","MacAndrews & Forbes","legionellaResponsibility","","OUR_COMPANY","NEEDS_REVIEW",""
88,"58","006506","MacAndrews & Forbes","legionellaResponsibility","","OUR_COMPANY","NEEDS_REVIEW",""
89,"59","006505","MacAndrews and Forbes","legionellaResponsibility","","NEEDS_REVIEW","NEEDS_REVIEW",""
90,"60","006504","MacAndrews And Forbes","legionellaResponsibility","","NEEDS_REVIEW","NEEDS_REVIEW",""
91,"4","122005","Maimonides Medical Center","legionellaResponsibility","","OTHER_PARTY","NEEDS_PARTY_CLASSIFICATION",""
92,"54","012816","Maplewood Senior Living TWICE A MONTH","legionellaResponsibility","","OUR_COMPANY","NEEDS_REVIEW",""
93,"93","704200","Montclair Art Museum","identity","","","AMBIGUOUS","cms5eurvk03wpp307s7gm09y8; cms5eurwg03ynp307uwnabuzk"
94,"94","704200","Montclair Art Museum","identity","","","AMBIGUOUS","cms5eurvk03wpp307s7gm09y8; cms5eurwg03ynp307uwnabuzk"
95,"51","001900","MPL Communications","legionellaResponsibility","","OUR_COMPANY","NEEDS_REVIEW",""
96,"50","002918","NEP Studios","legionellaResponsibility","","NEEDS_REVIEW","NEEDS_REVIEW",""
97,"48","003610","New 42nd Street Studio","legionellaResponsibility","","OUR_COMPANY","NEEDS_REVIEW",""
98,"99","000365","New School","legionellaResponsibility","","OTHER_PARTY","NEEDS_PARTY_CLASSIFICATION",""
99,"100","001129","New School","legionellaResponsibility","","OTHER_PARTY","NEEDS_PARTY_CLASSIFICATION",""
100,"101","000383","New School for Social Research","legionellaResponsibility","","OTHER_PARTY","NEEDS_PARTY_CLASSIFICATION",""
101,"102","001113","New School for Social Research","legionellaResponsibility","","OTHER_PARTY","NEEDS_PARTY_CLASSIFICATION",""
102,"103","001144","New School for Social Research","legionellaResponsibility","","OTHER_PARTY","NEEDS_PARTY_CLASSIFICATION",""
103,"47","095400","Northern Manor Multicare Center","legionellaResponsibility","","OUR_COMPANY","NEEDS_REVIEW",""
104,"105","001147","NRDC","legionellaResponsibility","","OTHER_PARTY","NEEDS_PARTY_CLASSIFICATION",""
105,"46","001354","NY Public Radio","legionellaResponsibility","","OTHER_PARTY","NEEDS_PARTY_CLASSIFICATION",""
106,"108","001438","Omnicom","legionellaResponsibility","","OTHER_PARTY","NEEDS_PARTY_CLASSIFICATION",""
107,"45","001995","Open Road Audi/VW","legionellaResponsibility","","OUR_COMPANY","NEEDS_REVIEW",""
108,"44","002103","Orentriech Medical Group","legionellaResponsibility","","OUR_COMPANY","NEEDS_REVIEW",""
109,"43","136100","Ozanam Hall of Queens Nursing Home","legionellaResponsibility","","OUR_COMPANY","NEEDS_REVIEW",""
110,"42","001894","Park Terrace Hotel","legionellaResponsibility","","OUR_COMPANY","NEEDS_REVIEW",""
111,"113","001111","Parsons School of Design","legionellaResponsibility","","OTHER_PARTY","NEEDS_PARTY_CLASSIFICATION",""
112,"114","765200","Paul Central Corp","legionellaResponsibility","","OTHER_PARTY","NEEDS_PARTY_CLASSIFICATION",""
113,"40","003661","Playwright Horizons","legionellaResponsibility","","OUR_COMPANY","NEEDS_REVIEW",""
114,"39","001912","Pleiades House, LLC","legionellaResponsibility","","OUR_COMPANY","NEEDS_REVIEW",""
115,"38","137406","Pointers, Cleaners & Caulkers Funds","legionellaResponsibility","","OUR_COMPANY","NEEDS_REVIEW",""
117,"36","001202","Prince & Wooster","legionellaResponsibility","","OUR_COMPANY","NEEDS_REVIEW",""
118,"35","046210","Rebecah Rehab Extended Care Center","legionellaResponsibility","","NEEDS_REVIEW","NEEDS_REVIEW",""
119,"34","123300","Renaissance Shelter","legionellaResponsibility","","OUR_COMPANY","NEEDS_REVIEW",""
120,"3","140012","SciQuest The New School","legionellaResponsibility","","OTHER_PARTY","NEEDS_PARTY_CLASSIFICATION",""
121,"126","000367","Staples Store #1106","legionellaResponsibility","","OTHER_PARTY","NEEDS_PARTY_CLASSIFICATION",""
122,"27","001701","Taube Management","legionellaResponsibility","","OUR_COMPANY","NEEDS_REVIEW",""
123,"","001341","Taube Building","legionellaResponsibility","","NEEDS_REVIEW","NEEDS_REVIEW",""
124,"131","700202","Terrace Towers","legionellaResponsibility","","OTHER_PARTY","NEEDS_PARTY_CLASSIFICATION",""
125,"26","000375","The Abbey Condominiums","legionellaResponsibility","","OUR_COMPANY","NEEDS_REVIEW",""
126,"25","002854","The Chapin School","legionellaResponsibility","","OUR_COMPANY","NEEDS_REVIEW",""
127,"24","001197","The Chelsea Flat Condo","legionellaResponsibility","","OUR_COMPANY","NEEDS_REVIEW",""
128,"2","001767","The Cornell Club","legionellaResponsibility","","OTHER_PARTY","NEEDS_PARTY_CLASSIFICATION",""
129,"135","001767","The Cornell Club","legionellaResponsibility","","OTHER_PARTY","NEEDS_PARTY_CLASSIFICATION",""
130,"21","001208","The Drawing Center","legionellaResponsibility","","OUR_COMPANY","NEEDS_REVIEW",""
131,"19","002369","The Gateway School","legionellaResponsibility","","OUR_COMPANY","NEEDS_REVIEW",""
132,"20","002369","The Gateway School","legionellaResponsibility","","OUR_COMPANY","NEEDS_REVIEW",""
133,"139","007501","The New York Society Library","legionellaResponsibility","","OTHER_PARTY","NEEDS_PARTY_CLASSIFICATION",""
134,"18","110121","The Noguchi Museum","legionellaResponsibility","","OUR_COMPANY","NEEDS_REVIEW",""
135,"141","760101","The Pierre Apartments","legionellaResponsibility","","OTHER_PARTY","NEEDS_PARTY_CLASSIFICATION",""
136,"16","001768","The School House","legionellaResponsibility","","OUR_COMPANY","NEEDS_REVIEW",""
137,"15","000376","The Ukrainian Museum","legionellaResponsibility","","OUR_COMPANY","NEEDS_REVIEW",""
138,"14","143300","The White Iceberg Corp","legionellaResponsibility","","OUR_COMPANY","NEEDS_REVIEW",""
139,"12","001430","Theory LLC","legionellaResponsibility","","OTHER_PARTY","NEEDS_PARTY_CLASSIFICATION",""
140,"11","177100","Town Of Oyster Bay","legionellaResponsibility","","OUR_COMPANY","NEEDS_REVIEW",""
141,"9","003631","Urban Company","legionellaResponsibility","","OUR_COMPANY","NEEDS_REVIEW",""
142,"151","152001","Village of Freeport","legionellaResponsibility","","OTHER_PARTY","NEEDS_PARTY_CLASSIFICATION",""
143,"152","745001","West Bergen Mental Health Center","legionellaResponsibility","","OTHER_PARTY","NEEDS_PARTY_CLASSIFICATION",""
144,"8","122012","Wiggby Precision","legionellaResponsibility","","OUR_COMPANY","NEEDS_REVIEW",""
145,"5","156300","Wyndham House","legionellaResponsibility","","OUR_COMPANY","NEEDS_REVIEW",""
146,"1","001784","Yitzhak Loria Mngmt (taipei)","legionellaResponsibility","","OTHER_PARTY","NEEDS_PARTY_CLASSIFICATION",""
